Id,Name,City,Performance
1,Ashkar,Chennai,46.666666666666664
2,Hari,Redhills,44.666666666666664
3,Rajkumar,Kochi,45.333333333333336
4,Kiran,Madurai,65.66666666666667
5,Vignash,Vellore,50.666666666666664
